{"cameraMode":{"drawMode":0,"name":"Shaded","section":"Shading Mode"},"sceneLighting":false,"audioPlay":false,"sceneViewState":{"showFog":true,"showMaterialUpdate":false,"showSkybox":true,"showFlares":true,"showImageEffects":true,"showParticleSystems":true},"in2DMode":false,"pivot":{"x":0.06469881534576416,"y":3.4348061084747316,"z":-0.062409043312072757},"rotation":{"x":0.10596920549869538,"y":-0.7450634837150574,"z":0.1220082938671112,"w":0.6471205353736877},"size":101.90992736816406,"orthographic":false}